Academic Year,County Code,District Code,School Code,District Name,School Name,Charter School Number,Charter Funding Type,Low Grade,High Grade,Enrollment (K-12),Adjusted FRPM Count (K-12),Percent,LowHigh,Name2,Address,City,Zip,phone,Normalized Address,Latitude,Longitude,Altitude,Normalized Address,Latitude,Longitude,Altitude
2013-14,1,61259,125856,Oakland Unified,100 Black Men of the Bay Area Community,1399,Directly funded,K,12,103,60,0.582524272,K to 12,100 Black Men of the Bay Area Community,3400 Malcolm Ave.,Oakland,94607-1404,(510)_763-3661,"3400 Malcolm Avenue, Oakland, CA 94605, USA",37.7461715,-122.1412179,116.1082534790039,"3400 Malcolm Avenue, Oakland, CA 94605, USA",37.7461715,-122.1412179,116.1082534790039
2013-14,1,61259,111476,Oakland Unified,Achieve Academy,780,Directly funded,4,5,207,207,1,4 to 5,Achieve Academy,1700 28th Ave.,Oakland,94601-2455,(510)_904-6440,"1700 28th Avenue, Oakland, CA 94601, USA",37.782342,-122.226161,19.5949535369873,"1700 28th Avenue, Oakland, CA 94601, USA",37.782342,-122.226161,19.5949535369873
2013-14,1,61259,6002273,Oakland Unified,ACORN Woodland Elementary,,,K,5,285,268,0.940350877,K to 5,ACORN Woodland Elementary,1025 81st Ave.,Oakland,94621-2455,(510)_639-3344,"1025 81st Avenue, Oakland, CA 94621, USA",37.7528862,-122.1869131,5.203295230865479,"1025 81st Avenue, Oakland, CA 94621, USA",37.7528862,-122.1869131,5.203295230865479
2013-14,1,61259,6001630,Oakland Unified,Allendale Elementary,,,K,5,385,362,0.94025974,K to 5,Allendale Elementary,3670 Penniman Ave.,Oakland,94619-1116,(510)_535-2812,"3670 Penniman Avenue, Oakland, CA 94619, USA",37.7885972,-122.204787,49.64424896240234,"3670 Penniman Avenue, Oakland, CA 94619, USA",37.7885972,-122.204787,49.64424896240234
2013-14,1,61259,112771,Oakland Unified,Alliance Academy,,,6,8,390,367,0.941025641,6 to 8,Alliance Academy,1800 98th Ave.,Oakland,94603-2702,(510)_639-2893,"1800 98th Avenue, Oakland, CA 94603, USA",37.7460375,-122.1653968,10.4210844039917,"1800 98th Avenue, Oakland, CA 94603, USA",37.7460375,-122.1653968,10.4210844039917
2013-14,1,61259,6113807,Oakland Unified,American Indian Public Charter,106,Locally funded,5,8,198,153,0.772727273,5 to 8,American Indian Public Charter,3637 Magee Ave.,Oakland,94619,(510)_482-6000,"3637 Magee Avenue, Oakland, CA 94619, USA",37.7937362,-122.1993536,65.4382095336914,"3637 Magee Avenue, Oakland, CA 94619, USA",37.7937362,-122.1993536,65.4382095336914
2013-14,1,61259,114363,Oakland Unified,American Indian Public Charter School II,882,Directly funded,K,8,483,357,0.739130435,K to 8,American Indian Public Charter School II,171 12th St.,Oakland,94607-4900,(510)_893-8701,"171 12th Street, Oakland, CA 94607, USA",37.8001539,-122.265589,11.32755947113037,"171 12th Street, Oakland, CA 94607, USA",37.8001539,-122.265589,11.32755947113037
2013-14,1,61259,111856,Oakland Unified,American Indian Public High,765,Locally funded,9,12,149,121,0.812080537,9 to 12,American Indian Public High,3637 Magee Ave.,Oakland,94619,(510)_482-6000,"3637 Magee Avenue, Oakland, CA 94619, USA",37.7937362,-122.1993536,65.4382095336914,"3637 Magee Avenue, Oakland, CA 94619, USA",37.7937362,-122.1993536,65.4382095336914
2013-14,1,61259,115238,Oakland Unified,ARISE High,837,Directly funded,9,12,247,233,0.943319838,9 to 12,ARISE High,"3301 East 12th St., Ste. 205",Oakland,94601-2940,(510)_436-5487,"3301 East 12th Street #205, Oakland, CA 94601, USA",37.7758226,-122.2247846,12.15476226806641,"3301 East 12th Street #205, Oakland, CA 94601, USA",37.7758226,-122.2247846,12.15476226806641
2013-14,1,61259,6118608,Oakland Unified,ASCEND,1443,Directly funded,K,8,434,398,0.917050691,K to 8,ASCEND,3709 East 12th St.,Oakland,94601,(510)_534-7252,"3709 East 12th Street, Oakland, CA 94601, USA",37.773589,-122.2215593,10.45206642150879,"3709 East 12th Street, Oakland, CA 94601, USA",37.773589,-122.2215593,10.45206642150879
2013-14,1,61259,109819,Oakland Unified,Aspire Berkley Maynard Academy,726,Directly funded,K,8,561,452,0.8057041,K to 8,Aspire Berkley Maynard Academy,6200 San Pablo Ave.,Oakland,94608-2228,(510)_658-2900,"6200 San Pablo Avenue, Oakland, CA 94608, USA",37.8452516,-122.284362,12.1214599609375,"6200 San Pablo Avenue, Oakland, CA 94608, USA",37.8452516,-122.284362,12.1214599609375
2013-14,1,61259,128413,Oakland Unified,Aspire College Academy,1577,Directly funded,K,5,254,244,0.960629921,K to 5,Aspire College Academy,8030 Atherton St.,Oakland,94605,(510)_562-8030,"8030 Atherton Street, Oakland, CA 94605, USA",37.7612383,-122.1708251,17.25121688842773,"8030 Atherton Street, Oakland, CA 94605, USA",37.7612383,-122.1708251,17.25121688842773
2013-14,1,61259,120188,Oakland Unified,Aspire ERES Academy,1115,Directly funded,K,8,222,216,0.972972973,K to 8,Aspire ERES Academy,1936 Courtland Ave.,Oakland,94601,(510)_436-9760,"1936 Courtland Avenue, Oakland, CA 94601, USA",37.7757061,-122.2117101,15.23719501495361,"1936 Courtland Avenue, Oakland, CA 94601, USA",37.7757061,-122.2117101,15.23719501495361
2013-14,1,61259,118224,Oakland Unified,Aspire Golden State College Preparatory Academy,1023,Directly funded,6,12,524,456,0.870229008,6 to 12,Aspire Golden State College Preparatory Academy,1009 66th Ave.,Oakland,94610-3430,(510)_562-8030,"1009 66th Avenue, Oakland, CA 94621, USA",37.7590969,-122.1980651,3.770155429840088,"1009 66th Avenue, Oakland, CA 94621, USA",37.7590969,-122.1980651,3.770155429840088
2013-14,1,61259,130666,Oakland Unified,Aspire Lionel Wilson College Preparatory Academy,465,Directly funded,6,12,499,469,0.93987976,6 to 12,Aspire Lionel Wilson College Preparatory Academy,400 105th Ave.,Oakland,94603-2968,(510)_635-7737,"400 105th Avenue, Oakland, CA 94603, USA",37.7294775,-122.180129,7.244675159454346,"400 105th Avenue, Oakland, CA 94603, USA",37.7294775,-122.180129,7.244675159454346
2013-14,1,61259,108803,Oakland Unified,Aspire Millsmont Academy,689,Directly funded,K,12,266,234,0.879699248,K to 12,Aspire Millsmont Academy,3200 62nd Ave.,Oakland,94605-1614,(510)_638-9445,"3200 62nd Avenue, Oakland, CA 94605, USA",37.7739556,-122.1825204,28.8275032043457,"3200 62nd Avenue, Oakland, CA 94605, USA",37.7739556,-122.1825204,28.8275032043457
2013-14,1,61259,6117568,Oakland Unified,Aspire Monarch Academy,252,Directly funded,K,5,393,380,0.96692112,K to 5,Aspire Monarch Academy,1445 101st Ave.,Oakland,94603-3207,(510)_568-3101,"1445 101st Avenue, Oakland, CA 94603, USA",37.74265,-122.1679083,12.13781929016113,"1445 101st Avenue, Oakland, CA 94603, USA",37.74265,-122.1679083,12.13781929016113
2013-14,1,61259,106906,Oakland Unified,Bay Area Technology,661,Directly funded,6,12,239,176,0.736401674,6 to 12,Bay Area Technology,8251 Fontaine St.,Oakland,94605,(510)_645-9932,"8251 Fontaine Street, Oakland, CA 94605, USA",37.7662439,-122.1542523,102.6795501708984,"8251 Fontaine Street, Oakland, CA 94605, USA",37.7662439,-122.1542523,102.6795501708984
2013-14,1,61259,6001655,Oakland Unified,Bella Vista Elementary,,,K,5,504,328,0.650793651,K to 5,Bella Vista Elementary,1025 East 28th St.,Oakland,94610-4018,(510)_436-4900,"1025 East 28th Street, Oakland, CA 94610, USA",37.800184,-122.2373489,46.58955383300781,"1025 East 28th Street, Oakland, CA 94610, USA",37.800184,-122.2373489,46.58955383300781
2013-14,1,61259,6056998,Oakland Unified,Bret Harte Middle,,,6,8,538,462,0.858736059,6 to 8,Bret Harte Middle,3700 Coolidge Ave.,Oakland,94602-3309,(510)_531-6400,"3700 Coolidge Avenue, Oakland, CA 94602, USA",37.7993378,-122.2064993,69.83882904052734,"3700 Coolidge Avenue, Oakland, CA 94602, USA",37.7993378,-122.2064993,69.83882904052734
2013-14,1,61259,6002075,Oakland Unified,Bridges Academy,,,K,5,366,346,0.945355191,K to 5,Bridges Academy,1325 53rd Ave.,Oakland,94601-5728,(510)_535-3876,"1325 53rd Avenue, Oakland, CA 94601, USA",37.7674528,-122.2074742,9.309489250183105,"1325 53rd Avenue, Oakland, CA 94601, USA",37.7674528,-122.2074742,9.309489250183105
2013-14,1,61259,6001663,Oakland Unified,Brookfield Elementary,,,K,5,363,250,0.688705234,K to 5,Brookfield Elementary,401 Jones Ave.,Oakland,94603-1123,(510)_639-3310,"401 Jones Avenue, Oakland, CA 94603, USA",37.7349299,-122.1892999,4.81279182434082,"401 Jones Avenue, Oakland, CA 94603, USA",37.7349299,-122.1892999,4.81279182434082
2013-14,1,61259,6001689,Oakland Unified,Burckhalter Elementary,,,K,5,280,222,0.792857143,K to 5,Burckhalter Elementary,3994 Burckhalter Ave.,Oakland,94605-2616,(510)_729-7700,"3994 Burckhalter Avenue, Oakland, CA 94605, USA",37.7753478,-122.1668778,88.45680236816406,"3994 Burckhalter Avenue, Oakland, CA 94605, USA",37.7753478,-122.1668778,88.45680236816406
2013-14,1,61259,6001697,Oakland Unified,Carl B. Munck Elementary,,,K,5,301,214,0.710963455,K to 5,Carl B. Munck Elementary,11900 Campus Dr.,Oakland,94619-3104,(510)_531-4900,"11900 Campus Drive, Oakland, CA 94619, USA",37.79522,-122.174062,210.1454467773438,"11900 Campus Drive, Oakland, CA 94619, USA",37.79522,-122.174062,210.1454467773438
2013-14,1,61259,125161,Oakland Unified,Castlemont High,,,9,12,564,490,0.868794326,9 to 12,Castlemont High,8601 MacArthur Blvd.,Oakland,94605-4037,(510)_636-1466,"8601 MacArthur Boulevard, Oakland, CA 94605, USA",37.7591739,-122.1637259,22.41740989685059,"8601 MacArthur Boulevard, Oakland, CA 94605, USA",37.7591739,-122.1637259,22.41740989685059
2013-14,1,61259,6001648,Oakland Unified,Chabot Elementary,,,K,5,590,55,0.093220339,K to 5,Chabot Elementary,6686 Chabot Rd.,Oakland,94618-1641,(510)_654-4884,"6686 Chabot Road, Oakland, CA 94618, USA",37.8505437,-122.2409115,78.35523223876953,"6686 Chabot Road, Oakland, CA 94618, USA",37.8505437,-122.2409115,78.35523223876953
2013-14,1,61259,115386,Oakland Unified,Civicorps Corpsmember Academy,948,Directly funded,9,Adult,73,67,0.917808219,9 to Adult,Civicorps Corpsmember Academy,101 Myrtle St.,Oakland,94607-2507,(510)_992-7800,"101 Myrtle Street, Oakland, CA 94607, USA",37.79949000000001,-122.285775,3.135569334030151,"101 Myrtle Street, Oakland, CA 94607, USA",37.79949000000001,-122.285775,3.135569334030151
2013-14,1,61259,6057004,Oakland Unified,Claremont Middle,,,6,8,448,276,0.616071429,6 to 8,Claremont Middle,5750 College Ave.,Oakland,94618-1629,(510)_654-7337,"5750 College Avenue, Oakland, CA 94618, USA",37.845545,-122.2518717,56.33307647705078,"5750 College Avenue, Oakland, CA 94618, USA",37.845545,-122.2518717,56.33307647705078
2013-14,1,61259,6001739,Oakland Unified,Cleveland Elementary,,,K,5,387,232,0.599483204,K to 5,Cleveland Elementary,745 Cleveland St.,Oakland,94606-1513,(510)_874-3600,"745 Cleveland Street, Oakland, CA 94606, USA",37.8039122,-122.2437517,35.81106185913086,"745 Cleveland Street, Oakland, CA 94606, USA",37.8039122,-122.2437517,35.81106185913086
2013-14,1,61259,112797,Oakland Unified,Coliseum College Prep Academy,,,6,12,473,466,0.985200846,6 to 12,Coliseum College Prep Academy,1390 66th Ave.,Oakland,94621-3506,(510)_639-3201,"1390 66th Avenue, Oakland, CA 94621, USA",37.7619967,-122.1934685,7.164653778076172,"1390 66th Avenue, Oakland, CA 94621, USA",37.7619967,-122.1934685,7.164653778076172
2013-14,1,61259,106542,Oakland Unified,Community Day,,,9,12,16,13,0.8125,9 to 12,Community Day,4917 Mountain Blvd.,Oakland,94619,(510)_531-6800,"4917 Mountain Boulevard, Oakland, CA 94619, USA",37.7870171,-122.1770773,85.53245544433594,"4917 Mountain Boulevard, Oakland, CA 94619, USA",37.7870171,-122.1770773,85.53245544433594
2013-14,1,61259,115204,Oakland Unified,Community United Elementary,,,K,5,421,386,0.916864608,K to 5,Community United Elementary,6701 International Blvd.,Oakland,94621,(510)_639-2850,"6701 International Boulevard, Oakland, CA 94621, USA",37.7611287,-122.1920065,8.012824058532715,"6701 International Boulevard, Oakland, CA 94621, USA",37.7611287,-122.1920065,8.012824058532715
2013-14,1,61259,114454,Oakland Unified,Conservatory of Vocal/Instrumental Arts,864,Directly funded,K,8,231,127,0.54978355,K to 8,Conservatory of Vocal/Instrumental Arts,3800 Mountain Blvd.,Oakland,94619-1630,(510)_285-7511,"3800 Mountain Boulevard, Oakland, CA 94619, USA",37.7997423,-122.1845847,170.3032531738281,"3800 Mountain Boulevard, Oakland, CA 94619, USA",37.7997423,-122.1845847,170.3032531738281
2013-14,1,61259,6001754,Oakland Unified,Crocker Highlands Elementary,,,K,5,431,26,0.060324826,K to 5,Crocker Highlands Elementary,525 Midcrest Rd.,Oakland,94610-1813,(510)_451-5900,"525 Midcrest Road, Oakland, CA 94610, USA",37.811037,-122.2272755,71.75083923339844,"525 Midcrest Road, Oakland, CA 94610, USA",37.811037,-122.2272755,71.75083923339844
2013-14,1,61259,132688,Oakland Unified,Dewey Academy,,,9,12,246,199,0.808943089,9 to 12,Dewey Academy,1111 2nd Ave.,Oakland,94606,(510)_874-3660,"1111 2nd Avenue, Oakland, CA 94606, USA",37.7968177,-122.2582004,9.556313514709473,"1111 2nd Avenue, Oakland, CA 94606, USA",37.7968177,-122.2582004,9.556313514709473
2013-14,1,61259,100123,Oakland Unified,East Oakland Leadership Academy,499,Directly funded,K,8,116,113,0.974137931,K to 8,East Oakland Leadership Academy,2614 Seminary Ave.,Oakland,94605,(510)_562-5238,"2614 Seminary Avenue, Oakland, CA 94605, USA",37.771791,-122.189673,19.67412757873535,"2614 Seminary Avenue, Oakland, CA 94605, USA",37.771791,-122.189673,19.67412757873535
2013-14,1,61259,115600,Oakland Unified,East Oakland Pride Elementary,,,K,5,456,442,0.969298246,K to 5,East Oakland Pride Elementary,8000 Birch St.,Oakland,94621-2123,(510)_636-8217,"8000 Birch Street, Oakland, CA 94621, USA",37.75906800000001,-122.1745503,14.11777973175049,"8000 Birch Street, Oakland, CA 94621, USA",37.75906800000001,-122.1745503,14.11777973175049
2013-14,1,61259,6057061,Oakland Unified,Edna Brewer Middle,,,6,8,807,565,0.700123916,6 to 8,Edna Brewer Middle,3748 13th Ave.,Oakland,94610-2820,(510)_531-6600,"3748 13th Avenue, Oakland, CA 94610, USA",37.8037458,-122.2293628,61.87703323364258,"3748 13th Avenue, Oakland, CA 94610, USA",37.8037458,-122.2293628,61.87703323364258
2013-14,1,61259,112789,Oakland Unified,Elmhurst Community Prep,,,6,8,365,325,0.890410959,6 to 8,Elmhurst Community Prep,1800 98th Ave.,Oakland,94603-2702,(510)_639-2888,"1800 98th Avenue, Oakland, CA 94603, USA",37.7460375,-122.1653968,10.4210844039917,"1800 98th Avenue, Oakland, CA 94603, USA",37.7460375,-122.1653968,10.4210844039917
2013-14,1,61259,6001812,Oakland Unified,Emerson Elementary,,,K,5,335,276,0.823880597,K to 5,Emerson Elementary,4803 Lawton Ave.,Oakland,94609-2208,(510)_654-7373,"4803 Lawton Avenue, Oakland, CA 94609, USA",37.8343895,-122.2573247,34.15304183959961,"4803 Lawton Avenue, Oakland, CA 94609, USA",37.8343895,-122.2573247,34.15304183959961
2013-14,1,61259,102988,Oakland Unified,EnCompass Academy Elementary,,,K,5,297,267,0.898989899,K to 5,EnCompass Academy Elementary,1025 81st Ave.,Oakland,94621-2455,(510)_639-3350,"1025 81st Avenue, Oakland, CA 94621, USA",37.7528862,-122.1869131,5.203295230865479,"1025 81st Avenue, Oakland, CA 94621, USA",37.7528862,-122.1869131,5.203295230865479
2013-14,1,61259,6002190,Oakland Unified,Esperanza Elementary,,,K,5,334,311,0.931137725,K to 5,Esperanza Elementary,10315 E St.,Oakland,94603-3133,(510)_639-3367,"10315 E Street, Oakland, CA 94603, USA",37.7374958,-122.1735356,10.10243606567383,"10315 E Street, Oakland, CA 94603, USA",37.7374958,-122.1735356,10.10243606567383
2013-14,1,61259,6001820,Oakland Unified,Franklin Elementary,,,K,5,750,668,0.890666667,K to 5,Franklin Elementary,915 Foothill Blvd.,Oakland,94606-3013,(510)_874-3354,"915 Foothill Boulevard, Oakland, CA 94606, USA",37.7935615,-122.2486628,11.74593353271484,"915 Foothill Boulevard, Oakland, CA 94606, USA",37.7935615,-122.2486628,11.74593353271484
2013-14,1,61259,112813,Oakland Unified,Fred T. Korematsu Discovery Academy,,,K,5,406,318,0.783251232,K to 5,Fred T. Korematsu Discovery Academy,10315 E St.,Oakland,94603-3133,(510)_639-3377,"10315 E Street, Oakland, CA 94603, USA",37.7374958,-122.1735356,10.10243606567383,"10315 E Street, Oakland, CA 94603, USA",37.7374958,-122.1735356,10.10243606567383
2013-14,1,61259,125716,Oakland Unified,Fremont High,,,9,12,727,602,0.828060523,9 to 12,Fremont High,4610 Foothill Blvd.,Oakland,94601-4618,(510)_434-5257,"4610 Foothill Boulevard, Oakland, CA 94601, USA",37.7743865,-122.2102413,13.66384887695312,"4610 Foothill Boulevard, Oakland, CA 94601, USA",37.7743865,-122.2102413,13.66384887695312
2013-14,1,61259,6057020,Oakland Unified,Frick Middle,,,6,8,312,298,0.955128205,6 to 8,Frick Middle,2845 64th Ave.,Oakland,94605-2027,(510)_729-7736,"2845 64th Avenue, Oakland, CA 94605, USA",37.7714567,-122.1841092,22.74165153503418,"2845 64th Avenue, Oakland, CA 94605, USA",37.7714567,-122.1841092,22.74165153503418
2013-14,1,61259,6001838,Oakland Unified,Fruitvale Elementary,,,K,5,437,339,0.775743707,K to 5,Fruitvale Elementary,3200 Boston Ave.,Oakland,94602-2899,(510)_535-2840,"3200 Boston Avenue, Oakland, CA 94602, USA",37.7962778,-122.2137663,58.26631164550781,"3200 Boston Avenue, Oakland, CA 94602, USA",37.7962778,-122.2137663,58.26631164550781
2013-14,1,61259,115576,Oakland Unified,Futures Elementary,,,K,5,332,304,0.915662651,K to 5,Futures Elementary,6701 International Blvd.,Oakland,94621-3501,(510)_636-0520,"6701 International Boulevard, Oakland, CA 94621, USA",37.7611287,-122.1920065,8.012824058532715,"6701 International Boulevard, Oakland, CA 94621, USA",37.7611287,-122.1920065,8.012824058532715
2013-14,1,61259,6001846,Oakland Unified,Garfield Elementary,,,K,5,604,559,0.925496689,K to 5,Garfield Elementary,1640 22nd Ave.,Oakland,94606-4710,(510)_535-2857,"1640 22nd Avenue, Oakland, CA 94606, USA",37.7865043,-122.2356409,15.92616748809814,"1640 22nd Avenue, Oakland, CA 94606, USA",37.7865043,-122.2356409,15.92616748809814
2013-14,1,61259,119859,Oakland Unified,Gateway to College at Laney College,,,9,12,96,39,0.40625,9 to 12,Gateway to College at Laney College,900 Fallon St.,Oakland,94607,(510)_464-3592,"900 Fallon Street, Oakland, CA 94607, USA",37.7949249,-122.263102,5.577657699584961,"900 Fallon Street, Oakland, CA 94607, USA",37.7949249,-122.263102,5.577657699584961
2013-14,1,61259,6001853,Oakland Unified,Glenview Elementary,,,K,5,465,171,0.367741935,K to 5,Glenview Elementary,4215 La Cresta Ave.,Oakland,94602-1739,(510)_531-6677,"4215 La Cresta Avenue, Oakland, CA 94602, USA",37.805891,-122.219759,80.88722229003906,"4215 La Cresta Avenue, Oakland, CA 94602, USA",37.805891,-122.219759,80.88722229003906
2013-14,1,61259,115584,Oakland Unified,Global Family,,,K,5,417,407,0.976019185,K to 5,Global Family,2035 40th Ave.,Oakland,94601-4203,(510)_535-3862,"2035 40th Avenue, Oakland, CA 94601, USA",37.7800607,-122.2130426,29.90090179443359,"2035 40th Avenue, Oakland, CA 94601, USA",37.7800607,-122.2130426,29.90090179443359
2013-14,1,61259,6001879,Oakland Unified,Grass Valley Elementary,,,K,5,269,190,0.706319703,K to 5,Grass Valley Elementary,4720 Dunkirk Ave.,Oakland,94605-5607,(510)_636-4653,"4720 Dunkirk Avenue, Oakland, CA 94605, USA",37.7531517,-122.124953,132.5083312988281,"4720 Dunkirk Avenue, Oakland, CA 94605, USA",37.7531517,-122.124953,132.5083312988281
2013-14,1,61259,115618,Oakland Unified,Greenleaf Elementary,,,P,8,548,460,0.839416058,P to 8,Greenleaf Elementary,6328 East 17th St.,Oakland,94621-3832,(510)_636-1400,"6328 East 17th Street, Oakland, CA 94621, USA",37.7646264,-122.1943384,9.940914154052734,"6328 East 17th Street, Oakland, CA 94621, USA",37.7646264,-122.1943384,9.940914154052734
2013-14,1,61259,6001911,Oakland Unified,Hillcrest Elementary,,,K,8,346,14,0.040462428,K to 8,Hillcrest Elementary,30 Marguerite Dr.,Oakland,94618-2230,(510)_654-6590,"30 Marguerite Drive, Oakland, CA 94618, USA",37.8404373,-122.2324047,133.5681457519531,"30 Marguerite Drive, Oakland, CA 94618, USA",37.8404373,-122.2324047,133.5681457519531
2013-14,1,61259,121376,Oakland Unified,Home and Hospital Program,,,K,12,6,1,0.166666667,K to 12,Home and Hospital Program,2850 West St.,Oakland,94608-4536,(510)_597-4294,"2850 West Street, Oakland, CA 94608, USA",37.81851,-122.273017,9.92009449005127,"2850 West Street, Oakland, CA 94608, USA",37.81851,-122.273017,9.92009449005127
2013-14,1,61259,6057046,Oakland Unified,Hoover Elementary,,,K,5,291,254,0.872852234,K to 5,Hoover Elementary,890 Brockhurst St.,Oakland,94608-4318,(510)_879-1700,"890 Brockhurst Street, Oakland, CA 94608, USA",37.823272,-122.27426,10.93329048156738,"890 Brockhurst Street, Oakland, CA 94608, USA",37.823272,-122.27426,10.93329048156738
2013-14,1,61259,6001929,Oakland Unified,Horace Mann Elementary,,,K,5,369,344,0.932249322,K to 5,Horace Mann Elementary,5222 Ygnacio Ave.,Oakland,94601-5422,(510)_879-1360,"5222 Ygnacio Avenue, Oakland, CA 94601, USA",37.7735177,-122.2023497,20.19066047668457,"5222 Ygnacio Avenue, Oakland, CA 94601, USA",37.7735177,-122.2023497,20.19066047668457
2013-14,1,61259,6001713,Oakland Unified,Howard Elementary,,,K,5,197,173,0.878172589,K to 5,Howard Elementary,8755 Fontaine St.,Oakland,94605-4197,(510)_639-3244,"8755 Fontaine Street, Oakland, CA 94605, USA",37.762239,-122.1522393,132.1015014648438,"8755 Fontaine Street, Oakland, CA 94605, USA",37.762239,-122.1522393,132.1015014648438
2013-14,1,61259,6114011,Oakland Unified,"Independent Study, Sojourner Truth",,,K,12,215,137,0.637209302,K to 12,"Independent Study, Sojourner Truth",8251 Fontaine St.,Oakland,94605,(510)_729-4308,"8251 Fontaine Street, Oakland, CA 94605, USA",37.7662439,-122.1542523,102.6795501708984,"8251 Fontaine Street, Oakland, CA 94605, USA",37.7662439,-122.1542523,102.6795501708984
2013-14,1,61259,121210,Oakland Unified,Infant and Preschool Program,,,P,P,3,2,0.666666667,P to P,Infant and Preschool Program,4521 Webster St.,Oakland,94609,(510)_597-4294,"4521 Webster Street, Oakland, CA 94609, USA",37.83394,-122.2606771,34.66066741943359,"4521 Webster Street, Oakland, CA 94609, USA",37.83394,-122.2606771,34.66066741943359
2013-14,1,61259,6118616,Oakland Unified,International Community,,,K,5,345,329,0.953623188,K to 5,International Community,2825 International Blvd.,Oakland,94601-1543,(510)_532-5400,"2825 International Boulevard, Oakland, CA 94601, USA",37.7793766,-122.230619,12.54784965515137,"2825 International Boulevard, Oakland, CA 94601, USA",37.7793766,-122.230619,12.54784965515137
2013-14,1,61259,6001945,Oakland Unified,Joaquin Miller Elementary,,,K,5,422,71,0.168246445,K to 5,Joaquin Miller Elementary,5525 Ascot Dr.,Oakland,94611-3001,(510)_531-6688,"5525 Ascot Drive, Oakland, CA 94611, USA",37.8188596,-122.2017566,204.5884704589844,"5525 Ascot Drive, Oakland, CA 94611, USA",37.8188596,-122.2017566,204.5884704589844
2013-14,1,61259,6001895,Oakland Unified,Kaiser Elementary,,,K,5,274,86,0.313868613,K to 5,Kaiser Elementary,25 South Hill Ct.,Oakland,94618-2306,(510)_549-4900,"25 South Hill Court, Oakland, CA 94618, USA",37.8534934,-122.2319551,191.6554260253906,"25 South Hill Court, Oakland, CA 94618, USA",37.8534934,-122.2319551,191.6554260253906
2013-14,1,61259,115014,Oakland Unified,KIPP Bridge Charter,938,Directly funded,5,8,309,219,0.708737864,5 to 8,KIPP Bridge Charter,991 14th St.,Oakland,94607-3230,(510)_874-7255,"991 14th Street, Oakland, CA 94607, USA",37.8087468,-122.2825981,7.41025447845459,"991 14th Street, Oakland, CA 94607, USA",37.8087468,-122.2825981,7.41025447845459
2013-14,1,61259,6096523,Oakland Unified,La Escuelita Elementary,,,K,5,296,270,0.912162162,K to 5,La Escuelita Elementary,1100 Third Ave.,Oakland,94606-2227,(510)_874-7762,"1100 3rd Avenue, Oakland, CA 94606, USA",37.7955602,-122.2570204,8.84041690826416,"1100 3rd Avenue, Oakland, CA 94606, USA",37.7955602,-122.2570204,8.84041690826416
2013-14,1,61259,6001978,Oakland Unified,Lafayette Elementary,,,K,5,274,260,0.948905109,K to 5,Lafayette Elementary,1700 Market St.,Oakland,94607-3330,(510)_874-7774,"1700 Market Street, Oakland, CA 94607, USA",37.810223,-122.2794106,9.528925895690918,"1700 Market Street, Oakland, CA 94607, USA",37.810223,-122.2794106,9.528925895690918
2013-14,1,61259,6001994,Oakland Unified,Laurel Elementary,,,K,5,556,447,0.803956835,K to 5,Laurel Elementary,3750 Brown Ave.,Oakland,94619-1406,(510)_531-6868,"3750 Brown Avenue, Oakland, CA 94619, USA",37.7929346,-122.1960912,68.13512420654297,"3750 Brown Avenue, Oakland, CA 94619, USA",37.7929346,-122.1960912,68.13512420654297
2013-14,1,61259,115592,Oakland Unified,Learning Without Limits,1442,Directly funded,K,5,388,363,0.93556701,K to 5,Learning Without Limits,2035 40th Ave.,Oakland,94601-4203,(510)_879-1282,"2035 40th Avenue, Oakland, CA 94601, USA",37.7800607,-122.2130426,29.90090179443359,"2035 40th Avenue, Oakland, CA 94601, USA",37.7800607,-122.2130426,29.90090179443359
2013-14,1,61259,130575,Oakland Unified,LIFE Academy,,,6,12,419,395,0.942720764,6 to 12,LIFE Academy,2101 35th Ave.,Oakland,94601-3124,(510)_534-0282,"2101 35th Avenue, Oakland, CA 94601, USA",37.78480140000001,-122.2169083,26.8600959777832,"2101 35th Avenue, Oakland, CA 94601, USA",37.78480140000001,-122.2169083,26.8600959777832
2013-14,1,61259,130633,Oakland Unified,Lighthouse Community Charter,413,Directly funded,K,8,502,422,0.84063745,K to 8,Lighthouse Community Charter,444 Hegenberger St.,Oakland,94621-1418,(510)_562-8801,"444 Hegenberger Road, Oakland, CA 94621, USA",37.736145,-122.195709,3.9112708568573,"444 Hegenberger Road, Oakland, CA 94621, USA",37.736145,-122.195709,3.9112708568573
2013-14,1,61259,108944,Oakland Unified,Lighthouse Community Charter High,700,Directly funded,9,12,236,209,0.88559322,9 to 12,Lighthouse Community Charter High,444 Hegenberger Rd.,Oakland,94621-1418,(510)_562-8225,"444 Hegenberger Road, Oakland, CA 94621, USA",37.7363758,-122.1968344,3.456497192382812,"444 Hegenberger Road, Oakland, CA 94621, USA",37.7363758,-122.1968344,3.456497192382812
2013-14,1,61259,6002018,Oakland Unified,Lincoln Elementary,,,K,5,746,647,0.867292225,K to 5,Lincoln Elementary,225 11th St.,Oakland,94607-4409,(510)_874-3372,"225 11th Street, Oakland, CA 94607, USA",37.7999365,-122.2671804,12.4810676574707,"225 11th Street, Oakland, CA 94607, USA",37.7999365,-122.2671804,12.4810676574707
2013-14,1,61259,126748,Oakland Unified,LPS Oakland R & D Campus,1449,Directly funded,9,12,303,281,0.927392739,9 to 12,LPS Oakland R & D Campus,"8601 MacArthur Blvd., Bldg. 100",Oakland,94605,(510)_633-0750,"8601 MacArthur Boulevard, Oakland, CA 94605, USA",37.7591739,-122.1637259,22.41740989685059,"8601 MacArthur Boulevard, Oakland, CA 94605, USA",37.7591739,-122.1637259,22.41740989685059
2013-14,1,61259,6066450,Oakland Unified,Madison Park Academy 6-12,,,6,12,514,462,0.898832685,6 to 12,Madison Park Academy 6-12,400 Capistrano Dr.,Oakland,94603-3520,(510)_636-2701,"400 Capistrano Drive, Oakland, CA 94603, USA",37.7275406,-122.1776362,7.992688655853271,"400 Capistrano Drive, Oakland, CA 94603, USA",37.7275406,-122.1776362,7.992688655853271
2013-14,1,61259,6002182,Oakland Unified,Madison Park Academy TK-5,,,K,5,247,231,0.935222672,K to 5,Madison Park Academy TK-5,470 El Paseo Dr.,Oakland,94603-3565,(510)_636-7919,"470 El Paseo Drive, Oakland, CA 94603, USA",37.727981,-122.176582,8.477325439453125,"470 El Paseo Drive, Oakland, CA 94603, USA",37.727981,-122.176582,8.477325439453125
2013-14,1,61259,6002042,Oakland Unified,Manzanita Community,,,K,5,350,302,0.862857143,K to 5,Manzanita Community,2409 East 27th St.,Oakland,94601-1303,(510)_535-2822,"2409 East 27th Street, Oakland, CA 94601, USA",37.7917497,-122.2248282,49.53087997436523,"2409 East 27th Street, Oakland, CA 94601, USA",37.7917497,-122.2248282,49.53087997436523
2013-14,1,61259,110247,Oakland Unified,Manzanita SEED,,,K,5,368,273,0.741847826,K to 5,Manzanita SEED,2409 East 27th St.,Oakland,94601-1303,(510)_535-2832,"2409 East 27th Street, Oakland, CA 94601, USA",37.7917497,-122.2248282,49.53087997436523,"2409 East 27th Street, Oakland, CA 94601, USA",37.7917497,-122.2248282,49.53087997436523
2013-14,1,61259,6002059,Oakland Unified,Markham Elementary,,,K,5,346,335,0.968208092,K to 5,Markham Elementary,7220 Krause Ave.,Oakland,94605-2380,(510)_639-3202,"7220 Krause Avenue, Oakland, CA 94605, USA",37.7653407,-122.1785765,12.91150760650635,"7220 Krause Avenue, Oakland, CA 94605, USA",37.7653407,-122.1785765,12.91150760650635
2013-14,1,61259,6072235,Oakland Unified,"Martin Luther King, Jr. Elementary",,,K,5,308,267,0.866883117,K to 5,"Martin Luther King, Jr. Elementary",960 Tenth St.,Oakland,94607-3106,(510)_874-3381,"960 10th Street, Oakland, CA 94607, USA",37.806313,-122.282771,8.883190155029297,"960 10th Street, Oakland, CA 94607, USA",37.806313,-122.282771,8.883190155029297
2013-14,1,61259,110189,Oakland Unified,McClymonds High,,,9,12,275,237,0.861818182,9 to 12,McClymonds High,2607 Myrtle St.,Oakland,94607-3415,(510)_879-3033,"2607 Myrtle Street, Oakland, CA 94607, USA",37.8182617,-122.2787944,6.899556159973145,"2607 Myrtle Street, Oakland, CA 94607, USA",37.8182617,-122.2787944,6.899556159973145
2013-14,1,61259,6118640,Oakland Unified,Melrose Leadership Academy,,,K,8,354,257,0.725988701,K to 8,Melrose Leadership Academy,4730 Fleming Ave.,Oakland,94619,(510)_535-3832,"4730 Fleming Avenue, Oakland, CA 94619, USA",37.7805159,-122.1977728,65.72547149658203,"4730 Fleming Avenue, Oakland, CA 94619, USA",37.7805159,-122.1977728,65.72547149658203
2013-14,1,61259,100701,Oakland Unified,MetWest High,,,9,12,141,105,0.744680851,9 to 12,MetWest High,1100 3rd Ave.,Oakland,94606-2302,(510)_451-5902,"1100 3rd Avenue, Oakland, CA 94606, USA",37.7955602,-122.2570204,8.84041690826416,"1100 3rd Avenue, Oakland, CA 94606, USA",37.7955602,-122.2570204,8.84041690826416
2013-14,1,61259,6002083,Oakland Unified,Montclair Elementary,,,K,5,548,66,0.120437956,K to 5,Montclair Elementary,1757 Mountain Blvd.,Oakland,94611-2259,(510)_339-6100,"1757 Mountain Boulevard, Oakland, CA 94611, USA",37.8309947,-122.2130084,185.7635040283203,"1757 Mountain Boulevard, Oakland, CA 94611, USA",37.8309947,-122.2130084,185.7635040283203
2013-14,1,61259,6057079,Oakland Unified,Montera Middle,,,6,8,945,484,0.512169312,6 to 8,Montera Middle,5555 Ascot Dr.,Oakland,94611-3001,(510)_531-6070,"5555 Ascot Drive, Oakland, CA 94611, USA",37.81965599999999,-122.2017352,212.1181030273438,"5555 Ascot Drive, Oakland, CA 94611, USA",37.81965599999999,-122.2017352,212.1181030273438
2013-14,1,61259,6001903,Oakland Unified,New Highland Academy,,,K,5,313,308,0.984025559,K to 5,New Highland Academy,8521 A St.,Oakland,94621-1619,(510)_729-7723,"8521 A Street, Oakland, CA 94621, USA",37.75163730000001,-122.1797196,8.021783828735352,"8521 A Street, Oakland, CA 94621, USA",37.75163730000001,-122.1797196,8.021783828735352
2013-14,1,61259,6117972,Oakland Unified,North Oakland Community Charter,302,Directly funded,K,8,223,47,0.210762332,K to 8,North Oakland Community Charter,1000 42nd St.,Oakland,94608-3621,(510)_655-0540,"1000 42nd Street, Oakland, CA 94608, USA",37.8328826,-122.2766295,17.67119407653809,"1000 42nd Street, Oakland, CA 94608, USA",37.8328826,-122.2766295,17.67119407653809
2013-14,1,61259,6111660,Oakland Unified,Oakland Charter Academy,14,Directly funded,6,8,380,336,0.884210526,6 to 8,Oakland Charter Academy,3001 International Blvd.,Oakland,94601-1404,(510)_532-6751,"3001 International Boulevard, Oakland, CA 94601, USA",37.7783918,-122.2281381,14.33290481567383,"3001 International Boulevard, Oakland, CA 94601, USA",37.7783918,-122.2281381,14.33290481567383
2013-14,1,61259,114868,Oakland Unified,Oakland Charter High,883,Directly funded,9,12,266,210,0.789473684,9 to 12,Oakland Charter High,345 12th St.,Oakland,94607,(510)_893-8700,"345 12th Street, Oakland, CA 94607, USA",37.8018011,-122.2694701,13.15417098999023,"345 12th Street, Oakland, CA 94607, USA",37.8018011,-122.2694701,13.15417098999023
2013-14,1,61259,106559,Oakland Unified,Oakland Community Day Middle,,,6,8,22,19,0.863636364,6 to 8,Oakland Community Day Middle,4917 Mountain Blvd.,Oakland,94619,(510)_531-6800,"4917 Mountain Boulevard, Oakland, CA 94619, USA",37.7870171,-122.1770773,85.53245544433594,"4917 Mountain Boulevard, Oakland, CA 94619, USA",37.7870171,-122.1770773,85.53245544433594
2013-14,1,61259,135905,Oakland Unified,Oakland High,,,9,12,1552,"1,344",0.865979381,9 to 12,Oakland High,1023 MacArthur Blvd.,Oakland,94610-3930,(510)_874-3676,"1023 MacArthur Boulevard, Oakland, CA 94610, USA",37.8044662,-122.2369001,47.58302688598633,"1023 MacArthur Boulevard, Oakland, CA 94610, USA",37.8044662,-122.2369001,47.58302688598633
2013-14,1,61259,115667,Oakland Unified,Oakland International High,,,9,12,353,286,0.8101983,9 to 12,Oakland International High,4521 Webster St.,Oakland,94609-2140,(510)_597-4287,"4521 Webster Street, Oakland, CA 94609, USA",37.83394,-122.2606771,34.66066741943359,"4521 Webster Street, Oakland, CA 94609, USA",37.83394,-122.2606771,34.66066741943359
2013-14,1,61259,130617,Oakland Unified,"Oakland Military Institute, College Preparatory Academy",349,Directly funded,6,12,719,512,0.712100139,6 to 12,"Oakland Military Institute, College Preparatory Academy",3877 Lusk St.,Oakland,94608-3822,(510)_594-3900,"3877 Lusk Street, Emeryville, CA 94608, USA",37.8294493,-122.2728579,19.62571144104004,"3877 Lusk Street, Emeryville, CA 94608, USA",37.8294493,-122.2728579,19.62571144104004
2013-14,1,61259,3030772,Oakland Unified,Oakland School for the Arts,340,Directly funded,6,12,676,96,0.142011834,6 to 12,Oakland School for the Arts,530 18th St.,Oakland,94612,(510)_873-8800,"530 18th Street, Oakland, CA 94612, USA",37.8081419,-122.2706475,6.955842018127441,"530 18th Street, Oakland, CA 94612, USA",37.8081419,-122.2706475,6.955842018127441
2013-14,1,61259,136051,Oakland Unified,Oakland Technical High,,,9,12,2092,"1,121",0.53585086,9 to 12,Oakland Technical High,4351 Broadway,Oakland,94611-4612,(510)_450-5400,"4351 Broadway, Oakland, CA 94611, USA",37.8323963,-122.2544467,34.83662796020508,"4351 Broadway, Oakland, CA 94611, USA",37.8323963,-122.2544467,34.83662796020508
2013-14,1,61259,100065,Oakland Unified,Oakland Unity High,510,Directly funded,9,12,292,227,0.77739726,9 to 12,Oakland Unity High,6038 Brann St.,Oakland,94605-1544,(510)_635-7170,"6038 Brann Street, Oakland, CA 94605, USA",37.7735522,-122.184786,25.42309379577637,"6038 Brann Street, Oakland, CA 94605, USA",37.7735522,-122.184786,25.42309379577637
2013-14,1,61259,6002091,Oakland Unified,Parker Elementary,,,K,5,214,204,0.953271028,K to 5,Parker Elementary,7929 Ney Ave.,Oakland,94605-3311,(510)_879-1440,"7929 Ney Avenue, Oakland, CA 94605, USA",37.7655642,-122.1657365,36.17827606201172,"7929 Ney Avenue, Oakland, CA 94605, USA",37.7655642,-122.1657365,36.17827606201172
2013-14,1,61259,6002109,Oakland Unified,Peralta Elementary,,,K,5,338,113,0.334319527,K to 5,Peralta Elementary,460 63rd St.,Oakland,94609,(510)_654-7365,"460 63rd Street, Oakland, CA 94609, USA",37.8496814,-122.2589283,52.38322830200195,"460 63rd Street, Oakland, CA 94609, USA",37.8496814,-122.2589283,52.38322830200195
2013-14,1,61259,6002117,Oakland Unified,Piedmont Avenue Elementary,,,K,5,381,283,0.742782152,K to 5,Piedmont Avenue Elementary,4314 Piedmont Ave.,Oakland,94611-4716,(510)_654-7377,"4314 Piedmont Avenue, Oakland, CA 94611, USA",37.8288057,-122.2485874,42.05488967895508,"4314 Piedmont Avenue, Oakland, CA 94611, USA",37.8288057,-122.2485874,42.05488967895508
2013-14,1,61259,6002125,Oakland Unified,Preparatory Literary Academy of Cultural Excellence,,,K,5,216,197,0.912037037,K to 5,Preparatory Literary Academy of Cultural Excellence,920 Campbell St.,Oakland,94607-1320,(510)_874-3333,"920 Campbell Street, Oakland, CA 94607, USA",37.8085163,-122.2978647,5.831889152526855,"920 Campbell Street, Oakland, CA 94607, USA",37.8085163,-122.2978647,5.831889152526855
2013-14,1,61259,118653,Oakland Unified,Ralph J. Bunche High,,,9,12,118,104,0.881355932,9 to 12,Ralph J. Bunche High,1240 18th St.,Oakland,94607-2223,(510)_874-3300,"1240 18th Street, Oakland, CA 94607, USA",37.81331,-122.287037,4.34503698348999,"1240 18th Street, Oakland, CA 94607, USA",37.81331,-122.287037,4.34503698348999
2013-14,1,61259,110239,Oakland Unified,Reach Academy,,,K,5,382,350,0.916230366,K to 5,Reach Academy,9860 Sunnyside St.,Oakland,94603,(510)_729-7775,"9860 Sunnyside Street, Oakland, CA 94603, USA",37.7464704,-122.1614182,12.17992877960205,"9860 Sunnyside Street, Oakland, CA 94603, USA",37.7464704,-122.1614182,12.17992877960205
2013-14,1,61259,6002141,Oakland Unified,Redwood Heights Elementary,,,K,5,364,90,0.247252747,K to 5,Redwood Heights Elementary,4401 39th Ave.,Oakland,94619-1614,(510)_531-6644,"4401 39th Avenue, Oakland, CA 94619, USA",37.7974594,-122.1861713,134.4684753417969,"4401 39th Avenue, Oakland, CA 94619, USA",37.7974594,-122.1861713,134.4684753417969
2013-14,1,61259,6117394,Oakland Unified,Reems (Ernestine C.) Academy of Technology and Art,218,Directly funded,K,8,223,222,0.995515695,K to 8,Reems (Ernestine C.) Academy of Technology and Art,8425 MacArthur Blvd.,Oakland,94605-3553,(510)_729-6635,"8425 MacArthur Boulevard, Oakland, CA 94605, USA",37.7609904,-122.1640666,23.85017395019531,"8425 MacArthur Boulevard, Oakland, CA 94605, USA",37.7609904,-122.1640666,23.85017395019531
2013-14,1,61259,110262,Oakland Unified,Rise Community,,,K,5,304,300,0.986842105,K to 5,Rise Community,8521 A St.,Oakland,94621,(510)_729-7732,"8521 A Street, Oakland, CA 94621, USA",37.75163730000001,-122.1797196,8.021783828735352,"8521 A Street, Oakland, CA 94621, USA",37.75163730000001,-122.1797196,8.021783828735352
2013-14,1,61259,6057087,Oakland Unified,Roosevelt Middle,,,6,8,574,553,0.963414634,6 to 8,Roosevelt Middle,1926 19th Ave.,Oakland,94606-4170,(510)_535-2877,"1926 19th Avenue, Oakland, CA 94606, USA",37.7897817,-122.2373363,35.01054763793945,"1926 19th Avenue, Oakland, CA 94606, USA",37.7897817,-122.2373363,35.01054763793945
2013-14,1,61259,112805,Oakland Unified,ROOTS International Academy,,,6,8,349,336,0.962750716,6 to 8,ROOTS International Academy,1390 66th Ave.,Oakland,94621-3506,(510)_639-3226,"1390 66th Avenue, Oakland, CA 94621, USA",37.7619967,-122.1934685,7.164653778076172,"1390 66th Avenue, Oakland, CA 94621, USA",37.7619967,-122.1934685,7.164653778076172
2013-14,1,61259,130146,Oakland Unified,Rudsdale Continuation,,,9,12,149,98,0.657718121,9 to 12,Rudsdale Continuation,8251 Fontaine St.,Oakland,94605,(510)_636-7992,"8251 Fontaine Street, Oakland, CA 94605, USA",37.7662439,-122.1542523,102.6795501708984,"8251 Fontaine Street, Oakland, CA 94605, USA",37.7662439,-122.1542523,102.6795501708984
2013-14,1,61259,110254,Oakland Unified,Sankofa Academy,,,P,8,328,290,0.884146341,P to 8,Sankofa Academy,581 61st St.,Oakland,94609,(510)_654-7787,"581 61st Street, Oakland, CA 94609, USA",37.84695019999999,-122.2646297,40.02755737304688,"581 61st Street, Oakland, CA 94609, USA",37.84695019999999,-122.2646297,40.02755737304688
2013-14,1,61259,6002174,Oakland Unified,Sequoia Elementary,,,K,5,445,216,0.485393258,K to 5,Sequoia Elementary,3730 Lincoln Ave.,Oakland,94602-2468,(510)_531-6696,"3730 Lincoln Avenue, Oakland, CA 94602, USA",37.8024159,-122.2109638,83.9169921875,"3730 Lincoln Avenue, Oakland, CA 94602, USA",37.8024159,-122.2109638,83.9169921875
2013-14,1,61259,137943,Oakland Unified,Skyline High,,,9,12,1781,"1,337",0.750701853,9 to 12,Skyline High,12250 Skyline Blvd.,Oakland,94619-2425,(510)_482-7109,"12250 Skyline Boulevard, Oakland, CA 94619, USA",37.7978197,-122.1639333,334.56298828125,"12250 Skyline Boulevard, Oakland, CA 94619, USA",37.7978197,-122.1639333,334.56298828125
2013-14,1,61259,130179,Oakland Unified,Street Academy (Alternative),,,9,12,88,66,0.75,9 to 12,Street Academy (Alternative),417 29th St.,Oakland,94609-3510,(510)_874-3630,"417 29th Street, Oakland, CA 94609, USA",37.8176007,-122.2654307,21.08742141723633,"417 29th Street, Oakland, CA 94609, USA",37.8176007,-122.2654307,21.08742141723633
2013-14,1,61259,100792,Oakland Unified,Think College Now,,,K,5,305,274,0.898360656,K to 5,Think College Now,2825 International Blvd.,Oakland,94601,(510)_532-5500,"2825 International Boulevard, Oakland, CA 94601, USA",37.7793766,-122.230619,12.54784965515137,"2825 International Boulevard, Oakland, CA 94601, USA",37.7793766,-122.230619,12.54784965515137
2013-14,1,61259,6002216,Oakland Unified,Thornhill Elementary,,,K,5,386,39,0.101036269,K to 5,Thornhill Elementary,5880 Thornhill Dr.,Oakland,94611-2147,(510)_339-6800,"5880 Thornhill Drive, Oakland, CA 94611, USA",37.8361648,-122.2115974,182.7935638427734,"5880 Thornhill Drive, Oakland, CA 94611, USA",37.8361648,-122.2115974,182.7935638427734
2013-14,1,61259,112763,Oakland Unified,United for Success Academy,,,6,8,436,417,0.956422018,6 to 8,United for Success Academy,2101 35th Ave.,Oakland,94601-3124,(510)_535-3880,"2101 35th Avenue, Oakland, CA 94601, USA",37.78480140000001,-122.2169083,26.8600959777832,"2101 35th Avenue, Oakland, CA 94601, USA",37.78480140000001,-122.2169083,26.8600959777832
2013-14,1,61259,6118657,Oakland Unified,Urban Promise Academy,,,6,8,324,316,0.975308642,6 to 8,Urban Promise Academy,3031 East 18th St.,Oakland,94601,(510)_436-3636,"3031 East 18th Street, Oakland, CA 94601, USA",37.7819549,-122.22422,20.02969169616699,"3031 East 18th Street, Oakland, CA 94601, USA",37.7819549,-122.22422,20.02969169616699
2013-14,1,61259,123711,Oakland Unified,Vincent Academy,1271,Directly funded,K,5,134,113,0.843283582,K to 5,Vincent Academy,1911 Union St.,Oakland,94607,(510)_452-2100,"1911 Union Street, Oakland, CA 94607, USA",37.8142568,-122.2869512,3.534766674041748,"1911 Union Street, Oakland, CA 94607, USA",37.8142568,-122.2869512,3.534766674041748
2013-14,1,61259,115626,Oakland Unified,West Oakland Middle,,,6,8,214,189,0.88317757,6 to 8,West Oakland Middle,991 14th St.,Oakland,94607-3230,(510)_874-6788,"991 14th Street, Oakland, CA 94607, USA",37.8087468,-122.2825981,7.41025447845459,"991 14th Street, Oakland, CA 94607, USA",37.8087468,-122.2825981,7.41025447845459
2013-14,1,61259,6057095,Oakland Unified,Westlake Middle,,,6,8,571,521,0.912434326,6 to 8,Westlake Middle,2629 Harrison St.,Oakland,94612-3813,(510)_879-2130,"2629 Harrison Street, Oakland, CA 94612, USA",37.81410839999999,-122.2603786,6.795806884765625,"2629 Harrison Street, Oakland, CA 94612, USA",37.81410839999999,-122.2603786,6.795806884765625
2013-14,1,61259,109983,Oakland Unified,World Academy,745,Directly funded,K,5,475,465,0.978947368,K to 5,World Academy,1700 28th Ave.,Oakland,94601-2455,(510)_904-6400,"1700 28th Avenue, Oakland, CA 94601, USA",37.782342,-122.226161,19.5949535369873,"1700 28th Avenue, Oakland, CA 94601, USA",37.782342,-122.226161,19.5949535369873
2013-14,1,61259,121228,Oakland Unified,Young Adult Program,,,Adult,Adult,4,1,0.25,Adult to Adult,Young Adult Program,2850 West St.,Oakland,94608-4536,(510)_879-2715,"2850 West Street, Oakland, CA 94608, USA",37.81851,-122.273017,9.92009449005127,"2850 West Street, Oakland, CA 94608, USA",37.81851,-122.273017,9.92009449005127
